"heading","guestCapacity","startingPrice","address","phoneNumber","emailAddresses","websiteLink","knotPageLink","category","location"
"The Oaks At Mount Carmel","Up to 150","N/A","4278 County Road 43, Coffee Springs, AL","+1(334) 232-7400","[""info@theoaksatmountcarmel.com""]","https://theoaksatmountcarmel.com/?utm_source=theknot.com&utm_medium=referral&utm_campaign=theknot","https://www.theknot.com/marketplace/the-oaks-at-mount-carmel-coffee-springs-al-2008247","wedding-reception-venues","Jefferson, AL"
"Trilogy Hotel Montgomery","Up to 100","N/A","116 Coosa Street, Montgomery, AL","+1(334) 440-3550","[""sales@trilogymontgomery.com""]","https://trilogyhotelmontgomery.com/?utm_source=theknot.com&utm_medium=referral&utm_campaign=theknot","https://www.theknot.com/marketplace/trilogy-hotel-montgomery-montgomery-al-2072772","wedding-reception-venues","Jefferson, AL"
"The Eclectic Warehouse","300+","Starting Cost: $$ – Affordable","45 Main Street, Eclectic, AL","+1(303) 944-0700","[""shari.hindman@integralmarketing.biz""]","http://www.theeclecticwarehouse.com/?utm_source=theknot.com&utm_medium=referral&utm_campaign=theknot","https://www.theknot.com/marketplace/the-eclectic-warehouse-eclectic-al-1025327","wedding-reception-venues","Jefferson, AL"
"The Whippoorwill Venue","N/A","N/A","Central Alabama","+1(334) 850-2406","[""audrey@thewhippoorwillvenue.com""]","http://www.thewhippoorwillvenue.com/?utm_source=theknot.com&utm_medium=referral&utm_campaign=theknot","https://www.theknot.com/marketplace/the-whippoorwill-venue-mathews-al-2072225","wedding-reception-venues","Jefferson, AL"
"The Grand on Foster","300+","Starting Cost: $$$ – Moderate","170 N. Foster St., Dothan, AL","+1(334) 944-2159","[""caroline@thegrandonfoster.com""]","http://www.thegrandonfoster.com","https://www.theknot.com/marketplace/the-grand-on-foster-dothan-al-569663","wedding-reception-venues","Jefferson, AL"
"Southern Sportsman Hunting Lodge","Up to 200","N/A","Tyler, Tyler, AL","+113344123488","[""kthacker.sssinc@gmail.com""]","https://southernhunting.com/?utm_source=theknot.com&utm_medium=referral&utm_campaign=theknot","https://www.theknot.com/marketplace/southern-sportsman-hunting-lodge-tyler-al-2082840","wedding-reception-venues","Jefferson, AL"
"The Ponds @ Andalusia","Up to 100","N/A","Alabama","+119704970021","[""karen@thepondsandalusia.com""]","https://pondsandalusia.com/?utm_source=theknot.com&utm_medium=referral&utm_campaign=theknot","https://www.theknot.com/marketplace/the-ponds-andalusia-andalusia-al-2077030","wedding-reception-venues","Jefferson, AL"
"The Alley Station","300+","Starting Cost: $$ – Affordable","130 COMMERCE ST., Montgomery, AL","+1334-277-1077","[""N/A""]","N/A","https://www.theknot.com/marketplace/the-alley-station-montgomery-al-2072149","wedding-reception-venues","Jefferson, AL"
"The Mitchell House","Up to 250","Starting Cost: $$$ – Moderate","Lake Martin Area, Montogmery, Birminhgam","+1(404) 392-7827","[""themitchellhouseevents@gmail.com""]","http://www.mitchellhouseevents.com?utm_source=theknot.com&utm_medium=referral&utm_campaign=theknot","https://www.theknot.com/marketplace/the-mitchell-house-dadeville-al-2070056","wedding-reception-venues","Jefferson, AL"
"Azalea Cove Waterside","Up to 100","N/A","35 Pebble Creek Drive, Alexander City, AL","+1(205) 601-6668,1","[""stevecox2331@gmail.com""]","http://www.azaleacovewaterside.com/","https://www.theknot.com/marketplace/azalea-cove-waterside-alexander-city-al-2075199","wedding-reception-venues","Jefferson, AL"
"Tahoma Plantation","Up to 150","Starting Cost: $$ – Affordable","SW Georgia, N Florida, SE Alabama","+1(229) 221-1006","[""contact@tahomaplantationga.com""]","http://www.tahomaplantationga.com?utm_source=theknot.com&utm_medium=referral&utm_campaign=theknot","https://www.theknot.com/marketplace/tahoma-plantation-blakely-ga-2080176","wedding-reception-venues","Jefferson, AL"
"Hawkins Ridge Venue and Wedding Facility","Up to 300","Starting Cost: $$ – Affordable","915 County Road 79 South, Eufaula, AL","+1(334) 714-5371","[""info@hawkins-ridge.com""]","https://www.hawkinsridgevenue.com/?utm_source=theknot.com&utm_medium=referral&utm_campaign=theknot","https://www.theknot.com/marketplace/hawkins-ridge-venue-and-wedding-facility-eufaula-al-2079111","wedding-reception-venues","Jefferson, AL"
"Bella of Notasulga","Up to 150","N/A","7236 County Road 53, Notasulga, AL","+1+18665306511","[""N/A""]","N/A","https://www.theknot.com/marketplace/bella-of-notasulga-notasulga-al-2080397","wedding-reception-venues","Jefferson, AL"
"The Gilded Oaks","Up to 300","N/A","Elba, Elba, AL","N/A","[""N/A""]","N/A","https://www.theknot.com/marketplace/the-gilded-oaks-elba-al-2047419","wedding-reception-venues","Jefferson, AL"
"Rolling Oaks Farm","300+","N/A","3924 Co Rd 83, Newville, AL","N/A","[""N/A""]","N/A","https://www.theknot.com/marketplace/rolling-oaks-farm-newville-al-996805","wedding-reception-venues","Jefferson, AL"
"Marsgate","300+","N/A","2667 Claud Fleahop Rd, Eclectic, AL","N/A","[""N/A""]","N/A","https://www.theknot.com/marketplace/marsgate-eclectic-al-2049666","wedding-reception-venues","Jefferson, AL"
"The Emporium","Up to 250","N/A","112 W Walnut St, Troy, AL","N/A","[""N/A""]","N/A","https://www.theknot.com/marketplace/the-emporium-troy-al-1044649","wedding-reception-venues","Jefferson, AL"
"Crooked Oaks Farm","Up to 250","N/A","768 Red Creek Road, Notasulga, AL","N/A","[""N/A""]","N/A","https://www.theknot.com/marketplace/crooked-oaks-farm-notasulga-al-2043646","wedding-reception-venues","Jefferson, AL"
"The Elms of Coosada","Up to 200","N/A","360 Lindsey Rd, Coosada, AL","N/A","[""N/A""]","N/A","https://www.theknot.com/marketplace/the-elms-of-coosada-coosada-al-344477","wedding-reception-venues","Jefferson, AL"
"The Barn on Milam","300+","N/A","3528 Milam Road, Wetumpka, AL","N/A","[""N/A""]","N/A","https://www.theknot.com/marketplace/the-barn-on-milam-wetumpka-al-2049297","wedding-reception-venues","Jefferson, AL"
"Spicer Farm","Up to 200","N/A","15380 County Rd 70, Andalusia, AL","N/A","[""N/A""]","N/A","https://www.theknot.com/marketplace/spicer-farm-andalusia-al-1060330","wedding-reception-venues","Jefferson, AL"
"Martingayle Plantation","300+","N/A","Montgomery, Auburn, Birmingham","N/A","[""N/A""]","N/A","https://www.theknot.com/marketplace/martingayle-plantation-shorter-al-2066635","wedding-reception-venues","Jefferson, AL"
"Dream Field Farms","Up to 300","N/A","6376 US-82, Fitzpatrick, AL","N/A","[""N/A""]","N/A","https://www.theknot.com/marketplace/dream-field-farms-fitzpatrick-al-970536","wedding-reception-venues","Jefferson, AL"
"Rocky Mount Weddings & Events","300+","N/A","2364 Rocky Mount Rd, Prattville, AL","N/A","[""N/A""]","N/A","https://www.theknot.com/marketplace/rocky-mount-weddings-and-events-prattville-al-562793","wedding-reception-venues","Jefferson, AL"
"Barns and Bins Weddings and Events","Up to 200","N/A","3335 Campground Church Rd., Luverne, AL","N/A","[""N/A""]","N/A","https://www.theknot.com/marketplace/barns-and-bins-weddings-and-events-luverne-al-2044813","wedding-reception-venues","Jefferson, AL"
"Renaissance Montgomery Hotel & Spa at the Convention Ce","300+","N/A","201 Tallapoosa Street, Montgomery, AL","N/A","[""N/A""]","N/A","https://www.theknot.com/marketplace/renaissance-montgomery-hotel-and-spa-at-the-convention-ce-montgomery-al-880128","wedding-reception-venues","Jefferson, AL"
"The Barn at Twin Valley","300+","N/A","139 County Road 41, Prattville, AL","N/A","[""N/A""]","N/A","https://www.theknot.com/marketplace/the-barn-at-twin-valley-prattville-al-960510","wedding-reception-venues","Jefferson, AL"
"Dalrymple Farms","Up to 300","N/A","555 County Road 720, Enterprise, AL","N/A","[""N/A""]","N/A","https://www.theknot.com/marketplace/dalrymple-farms-enterprise-al-2020105","wedding-reception-venues","Jefferson, AL"
"By His Design","Up to 100","N/A","135 North Foster Street, Dothan, AL","N/A","[""N/A""]","N/A","https://www.theknot.com/marketplace/by-his-design-dothan-al-631881","wedding-reception-venues","Jefferson, AL"
"Boots and Veils Weddings and More, LLC","Up to 250","N/A","850 County Road 684, Chancellor, AL","N/A","[""N/A""]","N/A","https://www.theknot.com/marketplace/boots-and-veils-weddings-and-more-llc-chancellor-al-2033280","wedding-reception-venues","Jefferson, AL"
"The Legion at Riverview","Up to 200","N/A","2187 County Road 31, Camden, AL","N/A","[""N/A""]","N/A","https://www.theknot.com/marketplace/the-legion-at-riverview-camden-al-2054849","wedding-reception-venues","Jefferson, AL"
"Thornfield Plantation","Up to 250","N/A","79 Thornfield Dr, Millbrook, AL","N/A","[""N/A""]","N/A","https://www.theknot.com/marketplace/thornfield-plantation-millbrook-al-830084","wedding-reception-venues","Jefferson, AL"
"Bella's Fine Dining/Bella's Ballroom","N/A","N/A","191 North Foster Street, Dothan, AL","N/A","[""N/A""]","N/A","https://www.theknot.com/marketplace/bellas-fine-diningbellas-ballroom-dothan-al-1085004","wedding-reception-venues","Jefferson, AL"
"The Venue at White City","Up to 250","N/A","N/A","N/A","[""N/A""]","N/A","https://www.theknot.com/marketplace/the-venue-at-white-city-prattville-al-2031843","wedding-reception-venues","Jefferson, AL"
"Kick Back Ranch & Event Center","300+","N/A","414 Union Academy Ada Road, Ramer, AL","N/A","[""N/A""]","N/A","https://www.theknot.com/marketplace/kick-back-ranch-and-event-center-ramer-al-2037037","wedding-reception-venues","Jefferson, AL"
"Wynlakes Golf & Country Club","300+","N/A","7900 Wynlakes Blvd, Montgomery, AL","N/A","[""N/A""]","N/A","https://www.theknot.com/marketplace/wynlakes-golf-and-country-club-montgomery-al-397361","wedding-reception-venues","Jefferson, AL"
"New Water Farms","Up to 300","N/A","460 Civitan Road, Dadeville, AL","N/A","[""N/A""]","N/A","https://www.theknot.com/marketplace/new-water-farms-dadeville-al-1032357","wedding-reception-venues","Jefferson, AL"
"Old Town Creek Farm","Up to 200","N/A","830 County Road 23, Hardaway, AL","N/A","[""N/A""]","N/A","https://www.theknot.com/marketplace/old-town-creek-farm-hardaway-al-2041248","wedding-reception-venues","Jefferson, AL"
"Black Thistle Plantation","N/A","N/A","3781 County Rd 432, Sardis, AL","N/A","[""N/A""]","N/A","https://www.theknot.com/marketplace/black-thistle-plantation-sardis-al-1022628","wedding-reception-venues","Jefferson, AL"
"The Cedars","300+","N/A","21765 US-80, Demopolis, AL","N/A","[""N/A""]","N/A","https://www.theknot.com/marketplace/the-cedars-demopolis-al-2057410","wedding-reception-venues","Jefferson, AL"
"Rustic Acres","N/A","N/A","291 Moore Road, Ramer, AL","N/A","[""N/A""]","N/A","https://www.theknot.com/marketplace/rustic-acres-ramer-al-965651","wedding-reception-venues","Jefferson, AL"
"Autauga Place","Up to 250","N/A","202 S Autauga St, Autaugaville, AL","N/A","[""N/A""]","N/A","https://www.theknot.com/marketplace/autauga-place-autaugaville-al-335997","wedding-reception-venues","Jefferson, AL"
"The Orchard on Washington","N/A","N/A","Birmingham, Auburn, Lake Martin","N/A","[""N/A""]","N/A","https://www.theknot.com/marketplace/the-orchard-on-washington-alexander-city-al-2062842","wedding-reception-venues","Jefferson, AL"
"Woodham Farms","Up to 250","N/A","1103 County Road 68, Dothan, AL","N/A","[""N/A""]","N/A","https://www.theknot.com/marketplace/woodham-farms-dothan-al-874189","wedding-reception-venues","Jefferson, AL"
"The Cabin at Camp David","N/A","N/A","N/A","N/A","[""N/A""]","N/A","https://www.theknot.com/marketplace/the-cabin-at-camp-david-prattville-al-996118","wedding-reception-venues","Jefferson, AL"
"The Depot off Main","Up to 200","N/A","110 Museum Avenue, Dothan, AL","N/A","[""N/A""]","N/A","https://www.theknot.com/marketplace/the-depot-off-main-dothan-al-348165","wedding-reception-venues","Jefferson, AL"
"Whitewater Ridge","N/A","N/A","395 Waters Edge, Wetumpka, AL","N/A","[""N/A""]","N/A","https://www.theknot.com/marketplace/whitewater-ridge-wetumpka-al-536469","wedding-reception-venues","Jefferson, AL"
"Wilkes Cove","N/A","N/A","4950 South County Rd 20, Ozark, AL","N/A","[""N/A""]","N/A","https://www.theknot.com/marketplace/wilkes-cove-ozark-al-1064865","wedding-reception-venues","Jefferson, AL"
"The Hitching Post Farms","N/A","N/A","N/A","N/A","[""N/A""]","N/A","https://www.theknot.com/marketplace/the-hitching-post-farms-eclectic-al-1029018","wedding-reception-venues","Jefferson, AL"
"Landmark Park - Stokes Activity Barn","Up to 300","N/A","430 Landmark Dr, Dothan, AL","N/A","[""N/A""]","N/A","https://www.theknot.com/marketplace/landmark-park-stokes-activity-barn-dothan-al-545515","wedding-reception-venues","Jefferson, AL"
"The Chapel at The Waters","N/A","N/A","1 Chapel Hill Street, Pike Road, AL","N/A","[""N/A""]","N/A","https://www.theknot.com/marketplace/the-chapel-at-the-waters-pike-road-al-1037419","wedding-reception-venues","Jefferson, AL"
"Montgomery Marriott Prattville at Capitol Hill","300+","N/A","2500 Legends Circle, Prattville, AL","N/A","[""N/A""]","N/A","https://www.theknot.com/marketplace/montgomery-marriott-prattville-at-capitol-hill-prattville-al-115879","wedding-reception-venues","Jefferson, AL"
"Wiregrass Museum of Art Conference Center","N/A","N/A","126 Museum Ave, Dothan, AL","N/A","[""N/A""]","N/A","https://www.theknot.com/marketplace/wiregrass-museum-of-art-conference-center-dothan-al-893883","wedding-reception-venues","Jefferson, AL"
"Oakfuskee Ryse Preserve","Up to 200","N/A","1156 Judkins Road, Cecil, AL","N/A","[""N/A""]","N/A","https://www.theknot.com/marketplace/oakfuskee-ryse-preserve-cecil-al-1024468","wedding-reception-venues","Jefferson, AL"
"Jordan's Activity Barn","N/A","N/A","10551 County Rd 59 S, Midland, AL","N/A","[""N/A""]","N/A","https://www.theknot.com/marketplace/jordans-activity-barn-midland-al-1045481","wedding-reception-venues","Jefferson, AL"
"K3 Photography","N/A","N/A","Serving the entire Alabama state and panhandle region","+1(205) 826-2103","[""k3photography.creative@gmail.com""]","https://www.k3weddings.com/?utm_source=theknot.com&utm_medium=referral&utm_campaign=theknot","https://www.theknot.com/marketplace/k3-photography-montgomery-al-2058405","wedding-photographers","Jefferson, AL"
"Monica Jeane Photography LLC","N/A","N/A","Alabama","+1(916) 833-8803","[""monicajeanephotography@gmail.com""]","https://www.monicajeanephotography.com/","https://www.theknot.com/marketplace/monica-jeane-photography-llc-newton-al-2053528","wedding-photographers","Jefferson, AL"
"Blooming Heart Photography","N/A","N/A","Central Alabama ➡ Anywhere!","+1(616) 334-4904","[""sabrina@bloomingheartphoto.com""]","https://www.bloomingheartphoto.com/?utm_source=theknot.com&utm_medium=referral&utm_campaign=theknot","https://www.theknot.com/marketplace/blooming-heart-photography-wetumpka-al-2029236","wedding-photographers","Jefferson, AL"
"This Bliss Photography","N/A","N/A","Willing To Travel Anywhere","N/A","[""N/A""]","N/A","https://www.theknot.com/marketplace/this-bliss-photography-jacksonville-fl-2058849","wedding-photographers","Jefferson, AL"
"Kayleigh Grace Photography","N/A","N/A","N/A","N/A","[""N/A""]","N/A","https://www.theknot.com/marketplace/kayleigh-grace-photography-prattville-al-2056792","wedding-photographers","Jefferson, AL"
"Coco's Photography","N/A","N/A","Available to travel","N/A","[""N/A""]","N/A","https://www.theknot.com/marketplace/cocos-photography-greenville-al-2067142","wedding-photographers","Jefferson, AL"
"Everlasting Images","N/A","N/A","main street, Greenville, AL","N/A","[""N/A""]","N/A","https://www.theknot.com/marketplace/everlasting-images-greenville-al-2078163","wedding-photographers","Jefferson, AL"
"Kim Box Photography","N/A","N/A","1717 Norman Bridge Rd, Montgomery, AL","N/A","[""N/A""]","N/A","https://www.theknot.com/marketplace/kim-box-photography-montgomery-al-257927","wedding-photographers","Jefferson, AL"
"Megan Steele Photography","N/A","N/A","Dothan, AL based, ready to travel!","N/A","[""N/A""]","N/A","https://www.theknot.com/marketplace/megan-steele-photography-dothan-al-2080463","wedding-photographers","Jefferson, AL"
"Jackie+Luke","N/A","N/A","1254 S. Hull St, MONTGOMERY, AL","N/A","[""N/A""]","N/A","https://www.theknot.com/marketplace/jackie+luke-montgomery-al-366166","wedding-photographers","Jefferson, AL"
"Shae Holley Photography","N/A","N/A","Serving All Areas","N/A","[""N/A""]","N/A","https://www.theknot.com/marketplace/shae-holley-photography-montgomery-al-353053","wedding-photographers","Jefferson, AL"
"T. Darley Photography","N/A","N/A","United States","N/A","[""N/A""]","N/A","https://www.theknot.com/marketplace/t-darley-photography-ozark-al-628429","wedding-photographers","Jefferson, AL"
"Destiny’s Creations Photography","N/A","N/A","Available For Travel","N/A","[""N/A""]","N/A","https://www.theknot.com/marketplace/destinys-creations-photography-dothan-alabama-al-2025417","wedding-photographers","Jefferson, AL"
"Emily Barrentine Photography","N/A","N/A","Tri-State Area","N/A","[""N/A""]","N/A","https://www.theknot.com/marketplace/emily-barrentine-photography-dothan-al-2068343","wedding-photographers","Jefferson, AL"
"Krisan Hood Photography","N/A","N/A","Can Travel Anywhere (fees apply)","N/A","[""N/A""]","N/A","https://www.theknot.com/marketplace/krisan-hood-photography-tallassee-al-2033186","wedding-photographers","Jefferson, AL"
"Nick Drollette Photography","N/A","N/A","6621 Rock Ledge Road, Montgomery, AL","N/A","[""N/A""]","N/A","https://www.theknot.com/marketplace/nick-drollette-photography-montgomery-al-659309","wedding-photographers","Jefferson, AL"
"Kenn Edwards Photography","N/A","N/A","Serving areas in Alabama","N/A","[""N/A""]","N/A","https://www.theknot.com/marketplace/kenn-edwards-photography-montgomery-al-2059505","wedding-photographers","Jefferson, AL"
"In a pinch pictures","N/A","N/A","Willing to travel anywhere (Fees apply)","N/A","[""N/A""]","N/A","https://www.theknot.com/marketplace/in-a-pinch-pictures-dothan-al-2037015","wedding-photographers","Jefferson, AL"
"Anna Findley Photography","N/A","N/A","Alabama & surrounding states","N/A","[""N/A""]","N/A","https://www.theknot.com/marketplace/anna-findley-photography-greenville-al-2040523","wedding-photographers","Jefferson, AL"
"Judy Barranco Photography","N/A","N/A","Montgomery,  Auburn, Prattville, Troy, Birmingham","N/A","[""N/A""]","N/A","https://www.theknot.com/marketplace/judy-barranco-photography-montgomery-al-1011568","wedding-photographers","Jefferson, AL"
"Leigh Anne O'Neal","N/A","N/A","N/A","N/A","[""N/A""]","N/A","https://www.theknot.com/marketplace/leigh-anne-oneal-dothan-al-877989","wedding-photographers","Jefferson, AL"
"Mastro Photography","N/A","N/A","Lower Alabama & The Florida Panhandle","N/A","[""N/A""]","N/A","https://www.theknot.com/marketplace/mastro-photography-florala-al-2066045","wedding-photographers","Jefferson, AL"
"Bleu Ivy Photography","N/A","N/A","N/A","N/A","[""N/A""]","N/A","https://www.theknot.com/marketplace/bleu-ivy-photography-montgomery-as-588561","wedding-photographers","Jefferson, AL"
"Short Stuff Photography","N/A","N/A","119 S Foster St  
Ste 102, Dothan, AL","N/A","[""N/A""]","N/A","https://www.theknot.com/marketplace/short-stuff-photography-dothan-al-1042218","wedding-photographers","Jefferson, AL"
"Chelsea & Russ Photo and Video","N/A","N/A","N/A","N/A","[""N/A""]","N/A","https://www.theknot.com/marketplace/chelsea-and-russ-photo-and-video-montgomery-al-2055966","wedding-photographers","Jefferson, AL"
"Country Road Clicks","N/A","N/A","Trinity St., Geneva, AL","N/A","[""N/A""]","N/A","https://www.theknot.com/marketplace/country-road-clicks-geneva-al-640230","wedding-photographers","Jefferson, AL"
"Mandy Alverson Photography","N/A","N/A","N/A","N/A","[""N/A""]","N/A","https://www.theknot.com/marketplace/mandy-alverson-photography-montgomery-al-643981","wedding-photographers","Jefferson, AL"
"Clara Mellown Photography","N/A","N/A","Southeastern U.S. (available for travel worldwide)","N/A","[""N/A""]","N/A","https://www.theknot.com/marketplace/clara-mellown-photography-prattville-al-1023972","wedding-photographers","Jefferson, AL"
"Mark Broadway Photography","N/A","N/A","Southeastern United States","N/A","[""N/A""]","N/A","https://www.theknot.com/marketplace/mark-broadway-photography-dothan-al-385210","wedding-photographers","Jefferson, AL"
"Penni Lauren Photography","N/A","N/A","N/A","N/A","[""N/A""]","N/A","https://www.theknot.com/marketplace/penni-lauren-photography-montgomery-al-762723","wedding-photographers","Jefferson, AL"
"Stone Images Photography","N/A","N/A","799 Pleasant Hill Road, Eclectic, AL","N/A","[""N/A""]","N/A","https://www.theknot.com/marketplace/stone-images-photography-eclectic-al-342429","wedding-photographers","Jefferson, AL"
"Bokeh Amore Photography","N/A","N/A","N/A","N/A","[""N/A""]","N/A","https://www.theknot.com/marketplace/bokeh-amore-photography-montgomery-al-520274","wedding-photographers","Jefferson, AL"
"Wayne Grayson Photography","N/A","N/A","N/A","N/A","[""N/A""]","N/A","https://www.theknot.com/marketplace/wayne-grayson-photography-dothan-al-1061890","wedding-photographers","Jefferson, AL"
"Courtney Davies Photography & Design","N/A","N/A","N/A","N/A","[""N/A""]","N/A","https://www.theknot.com/marketplace/courtney-davies-photography-and-design-prattville-al-963241","wedding-photographers","Jefferson, AL"
"Southern Portraiture","N/A","N/A","726 County Rd. 48, Slocomb, AL","N/A","[""N/A""]","N/A","https://www.theknot.com/marketplace/southern-portraiture-slocomb-al-846674","wedding-photographers","Jefferson, AL"
"Chanterelle Photography","N/A","N/A","Montgomery AL, travel throughout the South and destination","N/A","[""N/A""]","N/A","https://www.theknot.com/marketplace/chanterelle-photography-montgomery-al-600856","wedding-photographers","Jefferson, AL"
"Shelby Roberts Photography","N/A","N/A","57 Diamond Avenue, Fort Rucker, AL","N/A","[""N/A""]","N/A","https://www.theknot.com/marketplace/shelby-roberts-photography-fort-rucker-al-612550","wedding-photographers","Jefferson, AL"
"Photography By Lyn","N/A","N/A","631 Coosa River Parkway, Wetumpka, AL","N/A","[""N/A""]","N/A","https://www.theknot.com/marketplace/photography-by-lyn-wetumpka-al-1026447","wedding-photographers","Jefferson, AL"
"M. Messer TV","N/A","Starting Cost: $$ – Affordable","AL","+1(334) 468-3205","[""micahjamesmesser@gmail.com""]","https://www.mmesser.tv/?utm_source=theknot.com&utm_medium=referral&utm_campaign=theknot","https://www.theknot.com/marketplace/m-messer-tv-smiths-station-al-2083049","wedding-videographers","Jefferson, AL"
"Entertainment Plus","N/A","N/A","Alabama, Florida, Georgia","N/A","[""N/A""]","N/A","https://www.theknot.com/marketplace/entertainment-plus-hartford-al-2047100","wedding-videographers","Jefferson, AL"
"Jack Temple Video Production","N/A","N/A","Alabama & North Florida, Atlanta, Georgia","N/A","[""N/A""]","N/A","https://www.theknot.com/marketplace/jack-temple-video-production-montgomery-al-525608","wedding-videographers","Jefferson, AL"
"Nostalgia Corp","N/A","N/A","Alabama, Georgia, Florida, Tennessee, Mississippi, Anywhere","N/A","[""N/A""]","N/A","https://www.theknot.com/marketplace/nostalgia-corp-alexander-city-al-1039085","wedding-videographers","Jefferson, AL"
"LMG Advertising Agency","N/A","N/A","AL","N/A","[""N/A""]","N/A","https://www.theknot.com/marketplace/lmg-advertising-agency-alexander-city-al-2030436","wedding-videographers","Jefferson, AL"
"Dan Black Studios","N/A","N/A","5965 Monticello Dr., Montgomery, AL","N/A","[""N/A""]","N/A","https://www.theknot.com/marketplace/dan-black-studios-montgomery-al-397373","wedding-videographers","Jefferson, AL"
"Press Play Media Group","N/A","N/A","Montgomery, Birmingham, Atlanta, Gulf Coast and beyond","N/A","[""N/A""]","N/A","https://www.theknot.com/marketplace/press-play-media-group-montgomery-al-949186","wedding-videographers","Jefferson, AL"
"Dream Away Studios, LLC","N/A","N/A","123 Anywhere, Dothan, AL","N/A","[""N/A""]","N/A","https://www.theknot.com/marketplace/dream-away-studios-llc-dothan-al-611957","wedding-videographers","Jefferson, AL"
"Hi-Def Videography","N/A","N/A","108 Gloster Ct, Dothan, FL","N/A","[""N/A""]","N/A","https://www.theknot.com/marketplace/hidef-videography-dothan-fl-199462","wedding-videographers","Jefferson, AL"
"Rareform Cinematic Films","N/A","N/A","7312 Fairway Drive, Pike Road, AL","N/A","[""N/A""]","N/A","https://www.theknot.com/marketplace/rareform-cinematic-films-pike-road-al-891294","wedding-videographers","Jefferson, AL"
"Timeless Bride and Ink","N/A","N/A","6462 Pinebrook Dr, Montgomery, AL","N/A","[""N/A""]","N/A","https://www.theknot.com/marketplace/timeless-bride-and-ink-montgomery-al-665013","wedding-videographers","Jefferson, AL"
"I Do Bridal and Formal","N/A","N/A","2002 Mulberry St, Montgomery, AL","+1(334) 272-6027","[""jlc.idobridalformal@gmail.com""]","http://www.idobridalformal.com?utm_source=theknot.com&utm_medium=referral&utm_campaign=theknot","https://www.theknot.com/marketplace/i-do-bridal-and-formal-montgomery-al-959801","bridal-salons","Jefferson, AL"
"Jim Massey's Cleaners","N/A","N/A","531 East South Street, Montgomery, AL","+1(334) 262-8852","[""tiffanyann@jimmassey.com""]","http://www.jimmassey.com?utm_source=theknot.com&utm_medium=referral&utm_campaign=theknot","https://www.theknot.com/marketplace/jim-masseys-cleaners-montgomery-al-628257","bridal-salons","Jefferson, AL"
"Carriage House Weddings","N/A","N/A","241 Rele Street, Birmingham, AL","N/A","[""N/A""]","N/A","https://www.theknot.com/marketplace/carriage-house-weddings-birmingham-al-663956","bridal-salons","Jefferson, AL"
"The Locker Room","N/A","N/A","1717 Carter Hill Road, Montgomery, AL","N/A","[""N/A""]","N/A","https://www.theknot.com/marketplace/the-locker-room-montgomery-al-1087536","bridal-salons","Jefferson, AL"
"Bridal Boutique & Tux Shoppe","N/A","N/A","125 West Main Street, Prattville, AL","N/A","[""N/A""]","N/A","https://www.theknot.com/marketplace/bridal-boutique-and-tux-shoppe-prattville-al-359829","bridal-salons","Jefferson, AL"
"All About Weddings","N/A","N/A","7750 Atlanta Highway, Montgomery, AL","N/A","[""N/A""]","N/A","https://www.theknot.com/marketplace/all-about-weddings-montgomery-al-107654","bridal-salons","Jefferson, AL"
"Admiring Glances","N/A","N/A","1112 Boll Weevil Circle, Enterprise, AL","N/A","[""N/A""]","N/A","https://www.theknot.com/marketplace/admiring-glances-enterprise-al-118372","bridal-salons","Jefferson, AL"
"Bridal Elegance and Pageant Perfect","N/A","N/A","2964 Ross Clark Circle, Dothan, AL","N/A","[""N/A""]","N/A","https://www.theknot.com/marketplace/bridal-elegance-and-pageant-perfect-dothan-al-576236","bridal-salons","Jefferson, AL"
"Jim Massey's Formals","N/A","N/A","531 East South Street, Montgomery, AL","N/A","[""N/A""]","N/A","https://www.theknot.com/marketplace/jim-masseys-formals-montgomery-al-837476","bridal-salons","Jefferson, AL"
"Hair and Make up by Anna Michael","N/A","N/A","31 Wisteria Place, Millbrook, AL","+1(334) 322-3142","[""hmbyannamichael@yahoo.com""]","https://www.instagram.com/hm_byannamichael/?utm_source=theknot.com&utm_medium=referral&utm_campaign=theknot","https://www.theknot.com/marketplace/hair-and-make-up-by-anna-michael-millbrook-al-2050852","beauty-services","Jefferson, AL"
"Notably Natalie","N/A","N/A","AL, GA, FL, & Surrounding States","+1(334) 734-1214","[""nataliekillmaster@yahoo.com""]","https://www.instagram.com/notably.natalie/?locale=uken1&hl=am-et&utm_source=theknot.com&utm_medium=referral&utm_campaign=theknot","https://www.theknot.com/marketplace/notably-natalie-auburn-al-2087460","beauty-services","Jefferson, AL"
"Lauren Greathouse Beauty","N/A","N/A","South Alabama, Northwest Florida","N/A","[""N/A""]","N/A","https://www.theknot.com/marketplace/lauren-greathouse-beauty-andalusia-al-2072934","beauty-services","Jefferson, AL"
"Phoenix Salon and Spa","N/A","N/A","6311 Atlanta Hwy, Montgomery, AL","N/A","[""N/A""]","N/A","https://www.theknot.com/marketplace/phoenix-salon-and-spa-montgomery-al-638429","beauty-services","Jefferson, AL"
"Beauty by Bailey","N/A","N/A","I am willing to travel anywhere.","N/A","[""N/A""]","N/A","https://www.theknot.com/marketplace/beauty-by-bailey-prattville-al-2033855","beauty-services","Jefferson, AL"
"ShamyaSlays","N/A","N/A","N/A","N/A","[""N/A""]","N/A","https://www.theknot.com/marketplace/shamyaslays-dothan-al-2049850","beauty-services","Jefferson, AL"
"Southern Reflections Hair Salon","N/A","N/A","122 West Court Square,, Ozark, AL","N/A","[""N/A""]","N/A","https://www.theknot.com/marketplace/southern-reflections-hair-salon-ozark-al-2052124","beauty-services","Jefferson, AL"
"Bama DJs LLC","N/A","Starting Cost: $$ – Affordable","Birmingham, Huntsville and Alabama","+115177159083","[""jim@bamadjs.com""]","http://www.bamadjs.com?utm_source=theknot.com&utm_medium=referral&utm_campaign=theknot","https://www.theknot.com/marketplace/bama-djs-llc-birmingham-al-2084312","wedding-djs","Jefferson, AL"
"The Music Guys","N/A","N/A","All of Alabama, Florida Panhandle, West Georgia","+1(334) 312-3991","[""jim@themusicguys.com""]","http://www.themusicguys.com/?utm_source=theknot.com&utm_medium=referral&utm_campaign=theknot","https://www.theknot.com/marketplace/the-music-guys-montgomery-al-394785","wedding-djs","Jefferson, AL"
"Party Time Productions-Let's have some FUN!","N/A","Starting Cost: $$$ – Moderate","Georgia, Florida, Tennessee, Alabama, & The Carolinas","+1(844) 378-7669,1","[""bookings@ptpdj.com""]","https://ptpweddingdj.com/?utm_source=theknot.com&utm_medium=referral&utm_campaign=theknot","https://www.theknot.com/marketplace/party-time-productionslets-have-some-fun-atlanta-ga-497176","wedding-djs","Jefferson, AL"
"Top Tier Entertainment","N/A","N/A","Montgomery, AL   Central Alabama area","N/A","[""N/A""]","N/A","https://www.theknot.com/marketplace/top-tier-entertainment-montgomery-al-845707","wedding-djs","Jefferson, AL"
"""Party On A Budget""","N/A","N/A","Serving South Central Alabama and surrounding areas","N/A","[""N/A""]","N/A","https://www.theknot.com/marketplace/party-on-a-budget-greenville-al-491046","wedding-djs","Jefferson, AL"
"Underwood’s Entertainment Services","N/A","N/A","Montgomery, AL Birmingham, AL","N/A","[""N/A""]","N/A","https://www.theknot.com/marketplace/underwoods-entertainment-services-deatsville-al-2070758","wedding-djs","Jefferson, AL"
"Perfect moment Wedding Agency","N/A","N/A","N/A","N/A","[""N/A""]","N/A","https://www.theknot.com/marketplace/perfect-moment-wedding-agency-enterprise-al-2076384","wedding-djs","Jefferson, AL"
"Oz Entertainment","N/A","N/A","919 Felder Ave, Montgomery, AL","N/A","[""N/A""]","N/A","https://www.theknot.com/marketplace/oz-entertainment-montgomery-al-752780","wedding-djs","Jefferson, AL"
"DJ at Large","N/A","N/A","564 Oliver Rd, Montgomery, AL","N/A","[""N/A""]","N/A","https://www.theknot.com/marketplace/dj-at-large-montgomery-al-758280","wedding-djs","Jefferson, AL"
"Hubcap Classics","N/A","N/A","Montgomery, Alabama River Region including Prattville, AL","N/A","[""N/A""]","N/A","https://www.theknot.com/marketplace/hubcap-classics-montgomery-al-965693","wedding-djs","Jefferson, AL"
"Titan Magic Shows and Party Rentals","N/A","N/A","N/A","N/A","[""N/A""]","N/A","https://www.theknot.com/marketplace/titan-magic-shows-and-party-rentals-daleville-al-1012281","wedding-djs","Jefferson, AL"
"Dat Band","N/A","Starting Cost: $$ – Affordable","LA, MS, AL, FL","+1(504) 872-3925","[""chad@datbandla.com""]","https://datband.com/?utm_source=theknot.com&utm_medium=referral&utm_campaign=theknot","https://www.theknot.com/marketplace/dat-band-new-orleans-la-643041","live-wedding-bands","Jefferson, AL"
"Alex Walker Band","N/A","N/A","N/A","+1(334) 717-1223","[""N/A""]","N/A","https://www.theknot.com/marketplace/alex-walker-band-midway-al-2085309","live-wedding-bands","Jefferson, AL"
"Emerald Empire Band","N/A","Starting Cost: $$ – Affordable","Performing throughout the Southeast!","+1(904) 629-6219","[""info@emeraldempireband.com""]","https://www.EmeraldEmpireBand.com/?utm_id=&utm_medium=directory&utm_source=theknot.com&utm_campaign=weddings&utm_content=website_button&utm_source_platform=profile&utm_marketing_tactic=acquisition&utm_creative_format=link&utm_term=wedding_band&a=35&n=180&link_creation_date=2023-10-23&c=&b=PerMonth&lang=&utm_source=theknot.com&utm_medium=referral&utm_campaign=theknot","https://www.theknot.com/marketplace/emerald-empire-band-birmingham-al-1010557","live-wedding-bands","Jefferson, AL"
"Ready-or-Knot","N/A","Starting Cost: $$ – Affordable","Alabama, Georgia, Louisiana, Florida","+1(678) 346-8487","[""azizzllc88@gmail.com""]","http://Musicgardenbands.com","https://www.theknot.com/marketplace/readyorknot-mobile-al-2075907","live-wedding-bands","Jefferson, AL"
"The Park Band","N/A","N/A","N/A","N/A","[""N/A""]","N/A","https://www.theknot.com/marketplace/the-park-band-troy-al-489109","live-wedding-bands","Jefferson, AL"
"Lisa Perkins & The E-Lusion Band","N/A","N/A","Serving Alabama & All states","N/A","[""N/A""]","N/A","https://www.theknot.com/marketplace/lisa-perkins-and-the-elusion-band-wetumpka-al-833981","live-wedding-bands","Jefferson, AL"
"Bama Breeze Band","N/A","N/A","Alabama, east Mississippi, west Georgia, panhandle  florida","N/A","[""N/A""]","N/A","https://www.theknot.com/marketplace/bama-breeze-band-montgomery-al-501709","live-wedding-bands","Jefferson, AL"
"Big Brothers Boombox","N/A","N/A","N/A","N/A","[""N/A""]","N/A","https://www.theknot.com/marketplace/big-brothers-boombox-grovetown-ga-2054237","live-wedding-bands","Jefferson, AL"
"Tapestry","N/A","N/A","2213 E. Aberdeen Dr, Montgomery, AL","N/A","[""N/A""]","N/A","https://www.theknot.com/marketplace/tapestry-montgomery-al-802853","live-wedding-bands","Jefferson, AL"
"Flowers by Amanda","N/A","N/A","AL, GA, FL, MS, TN","N/A","[""N/A""]","N/A","https://www.theknot.com/marketplace/flowers-by-amanda-deatsville-al-565604","florists","Jefferson, AL"
"Ivywood Florist","N/A","N/A","604 E Lee St, Enterprise, AL","N/A","[""N/A""]","N/A","https://www.theknot.com/marketplace/ivywood-florist-enterprise-al-368830","florists","Jefferson, AL"
"Capitol's Rosemont Gardens","N/A","N/A","2210 Rosemont Pl., Montgomery, AL","N/A","[""N/A""]","N/A","https://www.theknot.com/marketplace/capitols-rosemont-gardens-montgomery-al-368519","florists","Jefferson, AL"
"Austin's Flowers & Gifts","N/A","N/A","118 Company St, Wetumpka, AL","N/A","[""N/A""]","N/A","https://www.theknot.com/marketplace/austins-flowers-and-gifts-wetumpka-al-369155","florists","Jefferson, AL"
"Tea Olive Designs","N/A","N/A","Serving all of Alabama","N/A","[""N/A""]","N/A","https://www.theknot.com/marketplace/tea-olive-designs-prattville-al-1061035","florists","Jefferson, AL"
"Southern Posies","N/A","N/A","Montgomery, Birmingham","N/A","[""N/A""]","N/A","https://www.theknot.com/marketplace/southern-posies-cecil-al-891823","florists","Jefferson, AL"
"Gerald's Flowers and Gifts","N/A","N/A","N/A","N/A","[""N/A""]","N/A","https://www.theknot.com/marketplace/geralds-flowers-and-gifts-troy-al-2034332","florists","Jefferson, AL"
"Maxine's Flowers & Gifts LLC","N/A","N/A","816 S 3 Notch St, Troy, AL","N/A","[""N/A""]","N/A","https://www.theknot.com/marketplace/maxines-flowers-and-gifts-llc-troy-al-368916","florists","Jefferson, AL"
"Al's Flowers","N/A","N/A","1725 Carter Hill Rd, Montgomery, AL","N/A","[""N/A""]","N/A","https://www.theknot.com/marketplace/als-flowers-montgomery-al-834557","florists","Jefferson, AL"
"Evan & Co.","N/A","N/A","Serving Alabama, Georgia and beyond","N/A","[""N/A""]","N/A","https://www.theknot.com/marketplace/evan-and-co-montgomery-al-558776","florists","Jefferson, AL"
"Lee & Lan Florist","N/A","N/A","3365 Atlanta Hwy, Montgomery, AL","N/A","[""N/A""]","N/A","https://www.theknot.com/marketplace/lee-and-lan-florist-montgomery-al-432396","florists","Jefferson, AL"
"Making Exquisite Memories","N/A","Starting Cost: $$ – Affordable","Montgomery, Birmingham,Mobile, Atlanta","+1(334) 654-2628","[""makingexquisitememories7@gmail.com""]","https://www.facebook.com/people/Making-Exquisite-Memories/100091621073179/?utm_source=theknot.com&utm_medium=referral&utm_campaign=theknot","https://www.theknot.com/marketplace/making-exquisite-memories-demopolis-al-2076013","wedding-planners","Jefferson, AL"
"Elite Event Planning","N/A","N/A","Serving Montgomery and Surrounding Areas","N/A","[""N/A""]","N/A","https://www.theknot.com/marketplace/elite-event-planning-montgomery-al-600723","wedding-planners","Jefferson, AL"
"Captivation Wedding Events","N/A","N/A","Alabama, Georgia, Florida, Louisiana and Mississippi.","N/A","[""N/A""]","N/A","https://www.theknot.com/marketplace/captivation-wedding-events-prattville-al-1090419","wedding-planners","Jefferson, AL"
"Le Rae Events and Design","N/A","N/A","N/A","N/A","[""N/A""]","N/A","https://www.theknot.com/marketplace/le-rae-events-and-design-grady-al-748215","wedding-planners","Jefferson, AL"
"Creative Events & Party Rentals","N/A","N/A","1676 South Memorial Drive Hwy 31, Prattville, AL","N/A","[""N/A""]","N/A","https://www.theknot.com/marketplace/creative-events-and-party-rentals-prattville-al-525609","wedding-planners","Jefferson, AL"
"Weddings by Nichelle","N/A","N/A","N/A","N/A","[""N/A""]","N/A","https://www.theknot.com/marketplace/weddings-by-nichelle-dothan-al-985423","wedding-planners","Jefferson, AL"
"Mary Me","N/A","N/A","N/A","N/A","[""N/A""]","N/A","https://www.theknot.com/marketplace/mary-me-pike-road-al-775064","wedding-planners","Jefferson, AL"
"Kimberly Smith Events","N/A","N/A","Alabama, Florida, Georgia, and beyond *travel welcomed*","N/A","[""N/A""]","N/A","https://www.theknot.com/marketplace/kimberly-smith-events-dothan-al-756613","wedding-planners","Jefferson, AL"
"Special Touch Events","N/A","N/A","N/A","N/A","[""N/A""]","N/A","https://www.theknot.com/marketplace/special-touch-events-montgomery-ga-1024348","wedding-planners","Jefferson, AL"
"Southern Belle Affairs","N/A","N/A","Montgomery, AL and 100 mile radius.  Other areas considered","N/A","[""N/A""]","N/A","https://www.theknot.com/marketplace/southern-belle-affairs-montgomery-al-1037772","wedding-planners","Jefferson, AL"
"Elegant Decor","N/A","N/A","124 NORTH COURT SQUARE, Ozark, AL","N/A","[""N/A""]","N/A","https://www.theknot.com/marketplace/elegant-decor-ozark-al-1012376","wedding-planners","Jefferson, AL"
"Bradshaw's Jewelers","N/A","N/A","4355 Montgomery Highway, Dothan, AL","N/A","[""N/A""]","N/A","https://www.theknot.com/marketplace/bradshaws-jewelers-dothan-al-586585","jewelers","Jefferson, AL"
"Marquirette's Exquisite Jewelry","N/A","N/A","7818 Vaughn Rd, Montgomery, AL","N/A","[""N/A""]","N/A","https://www.theknot.com/marketplace/marquirettes-exquisite-jewelry-montgomery-al-494908","jewelers","Jefferson, AL"
"Bryan Jewelry","N/A","N/A","1876 East Main Street, Prattville, AL","N/A","[""N/A""]","N/A","https://www.theknot.com/marketplace/bryan-jewelry-prattville-al-632943","jewelers","Jefferson, AL"
"Tiers of Sweetness","N/A","Starting Cost: $$ – Affordable","112 Company St., Wetumpka, AL","+1(334) 612-9244","[""tiersofsweetness@gmail.com""]","http://www.tiersofsweetness.com/","https://www.theknot.com/marketplace/tiers-of-sweetness-wetumpka-al-877004","wedding-cake-bakeries","Jefferson, AL"
"Ashlyn's Cake Cottage","N/A","N/A","3761 Grandview Road, Millbrook, AL","+1(334) 517-6108","[""ashlynscakecottage@ymail.com""]","https://www.facebook.com/profile.php?id=100063466902967","https://www.theknot.com/marketplace/ashlyns-cake-cottage-millbrook-al-850588","wedding-cake-bakeries","Jefferson, AL"
"FPH Bakery","N/A","N/A","108 Conecuh Avenue, Union Springs, AL","N/A","[""N/A""]","N/A","https://www.theknot.com/marketplace/fph-bakery-union-springs-al-2058700","wedding-cake-bakeries","Jefferson, AL"
"M.Y. Cakes and Pastries","N/A","N/A","AL, GA, FL","N/A","[""N/A""]","N/A","https://www.theknot.com/marketplace/my-cakes-and-pastries-dothan-al-2067598","wedding-cake-bakeries","Jefferson, AL"
"Cakes By Butta","N/A","N/A","N/A","N/A","[""N/A""]","N/A","https://www.theknot.com/marketplace/cakes-by-butta-andalusia-al-2057011","wedding-cake-bakeries","Jefferson, AL"
"Cake Designs","N/A","N/A","3651 Debby Drive, Montgomery, AL","N/A","[""N/A""]","N/A","https://www.theknot.com/marketplace/cake-designs-montgomery-al-342435","wedding-cake-bakeries","Jefferson, AL"
"Ted the Mobile Bar","N/A","Starting Cost: $$ – Affordable","Prattville, Prattville, AL","+1(334) 312-5332","[""tedthemobilebar@gmail.com""]","https://www.facebook.com/profile.php?id=61552006988731&mibextid=dGKdO6&utm_source=theknot.com&utm_medium=referral&utm_campaign=theknot","https://www.theknot.com/marketplace/ted-the-mobile-bar-prattville-al-2082866","bar-services","Jefferson, AL"
"Tru Events & Company","N/A","Starting Cost: $$ – Affordable","Tri-State Area, Lower Alabama","+1(334) 596-2659","[""trueventscompany@gmail.com""]","https://www.facebook.com/profile.php?id=100087507665553&utm_source=theknot.com&utm_medium=referral&utm_campaign=theknot","https://www.theknot.com/marketplace/tru-events-and-company-dothan-al-2074493","bar-services","Jefferson, AL"
"Tap Truck Auburn","N/A","N/A","Lee County and all surrounding areas","N/A","[""N/A""]","N/A","https://www.theknot.com/marketplace/tap-truck-auburn-wetumpka-al-2059185","bar-services","Jefferson, AL"
"Tip Top Bartending","N/A","N/A","Licensed in all 50 states!","N/A","[""N/A""]","N/A","https://www.theknot.com/marketplace/tip-top-bartending-montgomery-al-2038105","bar-services","Jefferson, AL"
"Pour Crazy Bartending Services","N/A","N/A","Alabama","N/A","[""N/A""]","N/A","https://www.theknot.com/marketplace/pour-crazy-bartending-services-montgomery-al-2070206","bar-services","Jefferson, AL"
"Naman's Catering","N/A","Starting Cost: $$ – Affordable","2961 Dauphin Island Parkway, Mobile, AL","+1(251) 473-3900","[""anaman@namanscatering.com""]","http://namanscatering.com/?utm_source=theknot.com&utm_medium=referral&utm_campaign=theknot","https://www.theknot.com/marketplace/namans-catering-mobile-al-223309","catering","Jefferson, AL"
"Wow Catering","N/A","N/A","35 Kowaliga Road, Eclectic, AL","+1(334) 320-7147","[""wowcateringllc@gmail.com""]","https://www.icatertoyou.com/?utm_source=theknot.com&utm_medium=referral&utm_campaign=theknot","https://www.theknot.com/marketplace/wow-catering-eclectic-al-2040724","catering","Jefferson, AL"
"A Social Event Catering","N/A","N/A","Montgomery","N/A","[""N/A""]","N/A","https://www.theknot.com/marketplace/a-social-event-catering-montgomery-al-238835","catering","Jefferson, AL"
"Parker Foods, LLC DBA B. Graves","N/A","N/A","65 W Court Square, Troy, AL","N/A","[""N/A""]","N/A","https://www.theknot.com/marketplace/parker-foods-llc-dba-b-graves-troy-al-1023878","catering","Jefferson, AL"
"Fazoli's","N/A","N/A","River Region, Auburn, Troy, Greenville","N/A","[""N/A""]","N/A","https://www.theknot.com/marketplace/fazolis-montgomery-al-2068818","catering","Jefferson, AL"
"Pam's Incredible Edibles","N/A","N/A","11123 Chantilly Pkwy Unit F, Montgomery, AL","N/A","[""N/A""]","N/A","https://www.theknot.com/marketplace/pams-incredible-edibles-montgomery-al-993529","catering","Jefferson, AL"
"Sips on the Square Catering","N/A","N/A","N/A","N/A","[""N/A""]","N/A","https://www.theknot.com/marketplace/sips-on-the-square-catering-troy-al-990563","catering","Jefferson, AL"
"Springhouse Restaurant","N/A","N/A","12 Benson Mill Road, Alexander, AL","N/A","[""N/A""]","N/A","https://www.theknot.com/marketplace/springhouse-restaurant-alexander-al-951728","catering","Jefferson, AL"
"Needmore Heart","N/A","N/A","N/A","N/A","[""N/A""]","N/A","https://www.theknot.com/marketplace/needmore-heart-troy-al-1032180","wedding-decor-shops","Jefferson, AL"
"Live in Living Watercolor","N/A","N/A","Wiregrass and Lower Alabama","N/A","[""N/A""]","N/A","https://www.theknot.com/marketplace/live-in-living-watercolor-ozark-al-2061044","wedding-soloists-ensembles","Jefferson, AL"
"Style Dots","N/A","N/A","40 S Glenwood Avenue, Luverne, AL","N/A","[""N/A""]","N/A","https://www.theknot.com/marketplace/style-dots-luverne-al-2051795","favors","Jefferson, AL"
"Preppy Monogrammed Gifts","N/A","N/A","7056 Atlanta Highway, Montgomery, AL","N/A","[""N/A""]","N/A","https://www.theknot.com/marketplace/preppy-monogrammed-gifts-montgomery-al-278883","favors","Jefferson, AL"
"Sweet Jonesin Candy Buffet & Designs","N/A","N/A","4009  Amberly Rd, Montgomery, AL","N/A","[""N/A""]","N/A","https://www.theknot.com/marketplace/sweet-jonesin-candy-buffet-and-designs-montgomery-al-963246","favors","Jefferson, AL"
"Dear Margo Designs","N/A","N/A","N/A","N/A","[""N/A""]","N/A","https://www.theknot.com/marketplace/dear-margo-designs-selma-al-2040924","invitations","Jefferson, AL"
"NeonBlue","N/A","N/A","N/A","N/A","[""N/A""]","N/A","https://www.theknot.com/marketplace/neonblue-montgomery-al-865947","invitations","Jefferson, AL"
"Everbloom Paper","N/A","N/A","N/A","N/A","[""N/A""]","N/A","https://www.theknot.com/marketplace/everbloom-paper-montgomery-al-1011739","invitations","Jefferson, AL"
"The Savvy Pointe","N/A","N/A","Southeastern States - AL, FL, GA, NO, MS","N/A","[""N/A""]","N/A","https://www.theknot.com/marketplace/the-savvy-pointe-montgomery-al-2060844","wedding-officiants","Jefferson, AL"
"Rich Relationships Us","N/A","N/A","U.S.A","N/A","[""N/A""]","N/A","https://www.theknot.com/marketplace/rich-relationships-us-montgomery-al-2047870","wedding-officiants","Jefferson, AL"
"Marriage Today 1","N/A","N/A","Florida & Alabama","N/A","[""N/A""]","N/A","https://www.theknot.com/marketplace/marriage-today-1-mobile-al-1067288","wedding-officiants","Jefferson, AL"
"Rev Spencer Hall","N/A","N/A","N/A","N/A","[""N/A""]","N/A","https://www.theknot.com/marketplace/rev-spencer-hall-dothan-al-994787","wedding-officiants","Jefferson, AL"
"Joyful Ceremonies","N/A","N/A","Alabama at large","N/A","[""N/A""]","N/A","https://www.theknot.com/marketplace/joyful-ceremonies-deatsville-al-1009645","wedding-officiants","Jefferson, AL"
"Signature Memories by Patrice","N/A","N/A","Montgomery, Prattville, Wetumpka","N/A","[""N/A""]","N/A","https://www.theknot.com/marketplace/signature-memories-by-patrice-montgomery-al-2034431","wedding-photo-booth-rentals","Jefferson, AL"
"Mac The Camera Guy Photography","N/A","N/A","Montgomery Prattville Troy","N/A","[""N/A""]","N/A","https://www.theknot.com/marketplace/mac-the-camera-guy-photography-montgomery-al-849160","wedding-photo-booth-rentals","Jefferson, AL"
"Lake Point Vineyard and Winery","Up to 50","Starting Cost: $$$$ – Luxury","Central Alabama","+1(334) 517-8334","[""lakepointvineyard@gmail.com""]","https://lakepointvineyard.org/","https://www.theknot.com/marketplace/lake-point-vineyard-and-winery-mathews-al-2080269","rehearsal-dinners-bridal-showers","Jefferson, AL"
"Azalea Cove Waterside","N/A","N/A","35 Pebble Creek Drive, Alexander City, AL","+1(205) 601-6668,1","[""stevecox2331@gmail.com""]","http://www.azaleacovewaterside.com/","https://www.theknot.com/marketplace/azalea-cove-waterside-alexander-city-al-2075198","rehearsal-dinners-bridal-showers","Jefferson, AL"
"Seven Gables","Up to 300","N/A","650 Gilmer Avenue, Tallassee, AL","N/A","[""N/A""]","N/A","https://www.theknot.com/marketplace/seven-gables-tallassee-al-996877","rehearsal-dinners-bridal-showers","Jefferson, AL"
"Pyro Productions Inc.","N/A","N/A","The Southeast","N/A","[""N/A""]","N/A","https://www.theknot.com/marketplace/pyro-productions-inc-dothan-al-2078724","wedding-rentals","Jefferson, AL"
"American Rental and Tent Company","N/A","N/A","Montgomery AL","N/A","[""N/A""]","N/A","https://www.theknot.com/marketplace/american-rental-and-tent-company-montgomery-al-534065","wedding-rentals","Jefferson, AL"
"Pope Event Rentals","N/A","N/A","South Alabama and the Florida Panhandle","N/A","[""N/A""]","N/A","https://www.theknot.com/marketplace/pope-event-rentals-elba-al-415243","wedding-rentals","Jefferson, AL"
"Bay Limousine Service","N/A","N/A","526 Kornegay St, Dothan, AL","N/A","[""N/A""]","N/A","https://www.theknot.com/marketplace/bay-limousine-service-dothan-al-1018034","transportation-services","Jefferson, AL"
"Honeymoons & Vacations by Vonda","N/A","N/A","N/A","N/A","[""N/A""]","N/A","https://www.theknot.com/marketplace/honeymoons-and-vacations-by-vonda-dothan-al-984634","wedding-travel-agents","Jefferson, AL"